X,Y,medFPQ,region,meanTheta
65,9,3.923048,NA,2.838555
60,10,0.492985,0,1.218145
63,10,2.759576,NA,1.983947
65,10,3e-6,0,1.30603
66,10,0.854175,0,-2.496284
54,11,2.235795,NA,1.648068
55,11,2.235795,NA,1.648068
56,11,1.756946,NA,1.438358
57,11,2.567276,NA,1.829554
58,11,0.378068,0,0.991176
59,11,0.897452,0,0.753169
60,11,1.286311,0,2.217382
61,11,0.321263,0,2.665496
62,11,1.31345,NA,0.045185
63,11,1.31345,NA,0.609338
64,11,0.982423,0,0.2824
65,11,4e-6,0,-0.856212
66,11,3.126586,NA,-0.418867
68,11,1.563106,NA,1.112677
69,11,0.176869,0,0.842467
70,11,0.176869,0,0.842467
71,11,1.317522,NA,-0.781922
72,11,2.104228,NA,-0.667894
73,11,1.637876,NA,-1.862658
74,11,0.917094,0,-1.919664
53,12,1.194972,0,2.448882
54,12,2.401229,NA,0.94744
55,12,2.401229,NA,0.94744
56,12,2.302095,NA,1.92069
57,12,0.70752,0,2.28557
58,12,0.974302,0,2.642354
59,12,0.750247,0,2.35194
60,12,0.421052,0,-0.364995
61,12,2.889534,NA,-1.446854
62,12,2.889534,NA,0.29846
63,12,0.674517,0,0.225038
64,12,0.889652,0,-2.397198
65,12,1.125669,0,2.996419
66,12,1.112756,0,0.179633
67,12,1.042707,0,1.943612
68,12,1.158631,0,1.930314
69,12,0.780726,0,2.294301
70,12,0.780726,0,2.294301
71,12,0.650051,0,2.369717
72,12,0.101773,0,2.194319
73,12,0.806137,0,-1.305906
74,12,1.876839,NA,1.124474
75,12,1.395535,NA,-2.234135
76,12,0.82829,0,-0.352739
51,13,0.175517,0,-3.105304
52,13,0.67632,0,-2.959337
53,13,3.678576,NA,1.894163
54,13,0.907655,0,-3.102075
55,13,0.907655,0,-3.102075
56,13,0.648938,0,2.284476
57,13,1.610311,NA,2.726816
58,13,0.370819,0,-1.940344
59,13,0.433818,0,2.687761
60,13,0.385295,0,1.443264
61,13,0.487779,0,0.602135
62,13,1.915034,NA,-0.362246
63,13,1.720098,NA,-2.427943
64,13,0.554788,0,-2.821183
65,13,1.193536,0,2.551761
66,13,0.620672,0,1.159201
67,13,0.056893,0,2.100379
68,13,1.424876,NA,-2.869676
69,13,1.776834,NA,-2.145401
70,13,1.776834,NA,-2.145401
71,13,0.313021,0,0.311315
72,13,1.600155,NA,2.884435
73,13,4.604268,NA,0.035688
74,13,5.009153,NA,-0.580119
75,13,0.816163,0,-2.25153
76,13,1.173015,0,1.42229
77,13,3.05685,NA,2.875297
50,14,0.868106,0,-2.630527
51,14,1.329858,NA,3.136173
52,14,1.083842,0,1.090678
53,14,0.829283,0,-2.395577
54,14,0.729403,0,0.228261
55,14,0.729403,0,0.228261
56,14,1.765653,NA,2.943403
57,14,2.304032,NA,2.753199
58,14,0.620366,0,2.85457
59,14,2.20396,NA,-0.040286
60,14,2.954165,NA,0.485387
61,14,0.804919,0,0.797571
62,14,0.804919,0,0.725858
63,14,0.535301,0,-0.72814
64,14,1.511115,NA,2.875023
65,14,3.166147,NA,3.101923
66,14,1.022176,0,2.214211
67,14,1.122798,0,1.253726
68,14,1.055845,0,-1.932349
69,14,1.055845,0,-1.932349
70,14,0.409754,0,2.369809
71,14,1.162534,0,0.74830700000000006
72,14,0.499023,0,3.130941
73,14,2.083984,NA,1.149622
74,14,2.158663,NA,-0.185562
75,14,1.314017,NA,-2.099658
76,14,2.162271,NA,2.512287
77,14,2.873475,NA,-2.960496
78,14,1.070606,0,-2.938218
49,15,1.742897,NA,1.774943
50,15,0.809971,0,2.974789
51,15,2.405871,NA,3.118267
52,15,0.883497,0,3.082163
53,15,1.468738,NA,2.692426
54,15,0.385186,0,1.147995
55,15,0.385186,0,1.147995
56,15,0.73152,0,1.610485
57,15,4.600806,NA,2.394979
58,15,0.788655,0,2.49509
59,15,0.668417,0,-0.160348
60,15,0.508353,0,0.056721
61,15,0.742775,0,-0.635445
62,15,0.742775,0,-0.569723
63,15,1.613379,NA,-0.030372
64,15,0.302079,0,1.664507
65,15,7.854957,NA,3.009873
66,15,3.989513,NA,2.886748
67,15,0.982501,0,-0.962426
68,15,0.819656,0,-2.884988
69,15,0.819656,0,-2.884988
70,15,1.191046,0,1.652346
71,15,0.338579,0,2.215453
72,15,1.361944,NA,-0.14208200000000001
73,15,4.486479,NA,0.163723
74,15,0.818668,0,-0.357778
75,15,1.320577,NA,0.920085
76,15,1.407107,NA,-0.275835
77,15,2.064015,NA,-0.888886
78,15,0.811584,0,-0.139445
79,15,0.495156,0,-2.143694
80,15,5.812348,NA,-2.893058
48,16,1.705894,NA,1.663456
49,16,0.253383,0,1.535978
50,16,1.027734,0,2.329488
51,16,6.602789,NA,2.798092
52,16,0.858283,0,2.417668
53,16,2.566357,NA,-1.030888
54,16,0.431535,0,-0.42571
55,16,0.431535,0,-0.42571
56,16,1.344195,NA,2.834018
57,16,2.06276,NA,1.400713
58,16,0.684444,0,2.580395
59,16,0.573956,0,2.939153
60,16,1.624694,NA,1.593718
61,16,2.555817,NA,-0.686041
62,16,1.963754,NA,-2.222372
63,16,0.785951,0,2.736505
64,16,1.199587,0,2.631386
65,16,9.556839,NA,3.091583
66,16,5.715859,NA,-3.111887
67,16,2.497767,NA,1.277668
68,16,0.948142,0,-0.714217
69,16,0.948142,0,-0.714217
70,16,1.269777,0,2.980866
71,16,1.307593,NA,-2.39919
72,16,5.074293,NA,-0.504063
73,16,3.124037,NA,0.547123
74,16,1.544876,NA,-0.643663
75,16,6.735567,NA,-0.004419
76,16,0.37524,0,-0.81456
77,16,2.182883,NA,-2.711571
78,16,0.485956,0,2.20106
79,16,4.213245,NA,-2.802081
80,16,2.744808,NA,-3.051008
81,16,1.255634,0,-2.893394
47,17,2.192085,NA,1.24913
48,17,2.026188,NA,2.151052
49,17,2.30581,NA,1.147066
50,17,0.491568,0,-2.540326
51,17,1.282888,0,2.692896
52,17,0.279407,0,2.758593
53,17,0.547463,0,-1.412575
54,17,0.596934,0,2.548846
55,17,0.596934,0,2.548846
56,17,0.323344,0,1.980175
57,17,1.366487,NA,1.926431
58,17,1.366487,NA,-2.304645
59,17,0.14469,0,2.486592
60,17,1.531702,NA,2.804594
61,17,1.735347,NA,-2.207451
62,17,1.735347,NA,-2.861783
63,17,0.258997,0,3.052921
64,17,1.897429,NA,3.029661
65,17,12.373338,NA,3.043648
66,17,3.192262,NA,3.008953
67,17,1.020451,0,2.477924
68,17,1.510621,NA,1.588742
69,17,1.510621,NA,1.588742
70,17,0.700047,0,0.773816
71,17,0.250317,0,-2.334702
72,17,0.854501,0,2.28473
73,17,1.169798,0,0.063349
74,17,0.839673,0,-0.04915
75,17,2.078818,NA,0.073074
76,17,0.43615,0,-0.014006
77,17,1.615932,NA,-1.306377
78,17,1.084954,0,-2.898783
79,17,2.829742,NA,2.371532
80,17,0.073403,0,-2.03603
81,17,3.45581,NA,2.690805
47,18,0.205123,0,2.014263
48,18,1.526664,NA,-3.126682
49,18,0.553208,0,1.169137
50,18,0.541147,0,2.387219
51,18,5.539012,NA,-3.102478
52,18,2.122219,NA,2.739144
53,18,0.933484,0,1.053691
54,18,0.860926,0,2.302502
55,18,0.860926,0,2.302502
56,18,0.593655,0,1.419451
57,18,0.549158,0,-2.130791
58,18,3.432509,NA,-2.800519
59,18,0.817842,0,2.840436
60,18,1.325014,NA,-2.785093
61,18,0.386451,0,-2.973179
62,18,0.978154,0,-3.104626
63,18,0.422967,0,0.644135
64,18,0.359845,0,2.540986
65,18,7.526899,NA,-3.100351
66,18,3.928321,NA,2.6937
67,18,1.169029,0,-2.274657
68,18,1.651313,NA,1.357045
69,18,1.651313,NA,1.357045
70,18,0.840968,0,-2.686736
71,18,0.583538,0,1.876004
72,18,0.349936,0,-2.499241
73,18,0.2429,0,-0.301949
74,18,0.649234,0,-0.305342
75,18,2.649692,NA,-0.48579
76,18,2.136019,NA,-2.418358
77,18,0.609004,0,0.352048
78,18,2.387414,NA,-2.578989
79,18,1.921729,NA,3.074322
80,18,4.206223,NA,-3.088404
81,18,3.323416,NA,-2.775471
82,18,1.744712,NA,-2.940843
46,19,0.469143,0,0.880884
47,19,1.921676,NA,-1.249004
48,19,1.574735,NA,2.913016
49,19,1.212605,0,-0.772655
50,19,1.093157,0,-3.015582
51,19,3.047247,NA,-2.924747
52,19,1.745436,NA,0.883339
53,19,1.25882,0,1.336475
54,19,2.539423,NA,0.657208
55,19,2.539423,NA,0.657208
56,19,0.937786,0,1.801253
57,19,3.042976,NA,1.027968
58,19,1.578645,NA,2.450068
59,19,1.578645,NA,-1.777064
60,19,0.791607,0,1.175083
61,19,0.740295,0,-2.683764
62,19,0.762434,0,-0.080684
63,19,0.753156,0,1.667822
64,19,1.011566,0,2.992507
65,19,4.26893,NA,-3.120644
66,19,0.881061,0,2.138054
67,19,1.008678,0,3.11736
68,19,2.710493,NA,1.722248
69,19,2.710493,NA,1.722248
70,19,0.997385,0,2.689581
71,19,1.507416,NA,0.283483
72,19,0.141144,0,-2.54236
73,19,0.668991,0,3.130625
74,19,0.965015,0,-1.579048
75,19,1.450105,NA,-2.4458
76,19,0.646547,0,-0.856426
77,19,0.147348,0,-0.355972
78,19,4.113214,NA,3.123099
79,19,1.63716,NA,-2.334482
80,19,3.105461,NA,0.734202
81,19,0.420644,0,0.53367
82,19,1.564875,NA,-1.92728
45,20,2.195056,NA,1.808545
46,20,1.376922,NA,1.521052
47,20,0.360978,0,-2.583304
48,20,3.271425,NA,3.052444
49,20,0.688496,0,2.596115
50,20,0.323836,0,-0.674502
51,20,0.24697,0,2.990601
52,20,1.148976,0,2.987792
53,20,1.86946,NA,-0.483397
54,20,0.211452,0,-0.784911
55,20,0.211452,0,-0.784911
56,20,0.302353,0,2.402754
57,20,2.105861,NA,2.297281
58,20,1.001593,0,1.211868
59,20,0.327315,0,1.779696
60,20,0.186537,0,-1.811513
61,20,0.147091,0,-2.579877
62,20,0.509306,0,-2.948415
63,20,4.122934,NA,-2.988151
64,20,1.830257,NA,-2.936283
65,20,5.427568,NA,-2.616695
66,20,1.009365,0,1.587381
67,20,1.92877,NA,2.620641
68,20,3.445998,NA,-3.098221
69,20,3.445998,NA,-3.098221
70,20,1.222926,0,2.027977
71,20,0.284031,0,-0.678645
72,20,0.961406,0,-2.862077
73,20,1.083891,0,0.092876
74,20,1.427224,NA,-0.455486
75,20,2.503041,NA,-0.321658
76,20,5.651364,NA,-0.201993
77,20,0.806735,0,-0.592717
78,20,2.764799,NA,1.529168
79,20,0.281964,0,-1.777518
80,20,1.686774,NA,-2.981615
81,20,0.837357,0,-2.225466
82,20,0.538515,0,0.163289
83,20,0.092947,0,2.852406
84,20,0.092947,0,2.852406
45,21,3.439749,NA,1.471785
46,21,0.596897,0,1.464305
47,21,0.077096,0,-2.803916
48,21,0.192537,0,1.591838
49,21,0.276527,0,-1.681054
50,21,1.067847,0,-0.468585
51,21,0.386858,0,-0.980176
52,21,1.044555,0,-1.903292
53,21,0.780805,0,0.184911
54,21,2.049412,NA,-0.010487
55,21,2.049412,NA,-0.010487
56,21,1.07566,0,1.00001
57,21,0.829187,0,-1.943181
58,21,0.770601,0,-0.614251
59,21,0.528254,0,-1.244565
60,21,0.454686,0,0.86117
61,21,0.662853,0,-2.91204
62,21,0.571793,0,-3.107586
63,21,0.485098,0,-3.042769
64,21,3.151462,NA,-2.928134
65,21,1.527626,NA,3.013696
66,21,1.83911,NA,0.957871
67,21,2.074985,NA,-2.315378
68,21,0.183244,0,-2.042251
69,21,0.183244,0,-2.042251
70,21,1.757858,NA,-1.209956
71,21,0.985164,0,2.113456
72,21,0.112251,0,3.138859
73,21,0.50302,0,-0.722236
74,21,1.933752,NA,-1.111061
75,21,1.930296,NA,0.15725
76,21,1.169703,0,1.176147
77,21,2.364284,NA,-2.358446
78,21,0.612458,0,1.747098
79,21,0.497081,0,-0.985099
80,21,5.780331,NA,3.001402
81,21,2.120193,NA,2.823486
82,21,1.466473,NA,-1.843299
83,21,1.466473,NA,-1.843299
84,21,1.117291,0,3.083549
45,22,3.439749,NA,1.471785
46,22,0.596897,0,1.464305
47,22,1.131605,0,-2.500966
48,22,0.583795,0,2.799223
49,22,0.164397,0,0.766637
50,22,1.159624,0,-0.533442
51,22,1.631356,NA,0.514867
52,22,1.591186,NA,-2.748277
53,22,0.196359,0,-0.329383
54,22,0.396741,0,0.602658
55,22,0.396741,0,0.602658
56,22,1.19914,0,-0.323379
57,22,1.026877,0,-0.307363
58,22,0.282596,0,1.292414
59,22,0.949527,0,1.845539
60,22,0.854217,0,2.956541
61,22,0.854217,0,-1.537601
62,22,0.766903,0,-1.156455
63,22,1.348068,NA,0.014138
64,22,0.585297,0,2.903842
65,22,0.314888,0,-2.066955
66,22,1.764667,NA,2.158887
67,22,5.174803,NA,-2.932145
68,22,0.581194,0,2.886043
69,22,0.581194,0,2.886043
70,22,0.826261,0,-2.687507
71,22,0.219999,0,1.68357
72,22,1.357353,NA,0.679058
73,22,3.119266,NA,-1.150929
74,22,1.166077,0,-1.765543
75,22,0.403545,0,-1.087606
76,22,0.363659,0,2.304321
77,22,0.449584,0,0.74814
78,22,2.737263,NA,-2.754133
79,22,0.306174,0,-3.091564
80,22,1.24973,0,0.876972
81,22,0.091491,0,-1.416558
82,22,0.123438,0,-1.756739
83,22,0.123438,0,-1.756739
84,22,1.208805,0,2.463576
85,22,1.542264,NA,2.825491
45,23,1.269533,0,2.183124
46,23,0.624586,0,-1.35836
47,23,1.131605,0,-2.500966
48,23,0.583795,0,2.799223
49,23,0.164397,0,0.766637
50,23,1.159624,0,-0.533442
51,23,1.631356,NA,0.514867
52,23,1.591186,NA,-2.748277
53,23,0.196359,0,-0.329383
54,23,0.396741,0,0.602658
55,23,0.396741,0,0.602658
56,23,1.19914,0,-0.323379
57,23,1.026877,0,-0.307363
58,23,0.282596,0,1.292414
59,23,0.949527,0,1.845539
60,23,0.854217,0,2.956541
61,23,0.854217,0,-1.537601
62,23,0.766903,0,-1.156455
63,23,1.348068,NA,0.014138
64,23,0.585297,0,2.903842
65,23,0.314888,0,-2.066955
66,23,1.764667,NA,2.158887
67,23,5.174803,NA,-2.932145
68,23,0.581194,0,2.886043
69,23,0.581194,0,2.886043
70,23,0.826261,0,-2.687507
71,23,0.219999,0,1.68357
72,23,1.357353,NA,0.679058
73,23,3.119266,NA,-1.150929
74,23,0.196447,0,2.899884
75,23,1.390394,NA,-0.354486
76,23,1.270094,0,-0.34656
77,23,2.809583,NA,-0.363167
78,23,2.809583,NA,-0.828473
79,23,0.628317,0,0.097751
80,23,2.73601,NA,-0.131116
81,23,3.736231,NA,-0.176498
82,23,3.699461,NA,0.149265
83,23,3.699461,NA,0.149265
84,23,1.630781,NA,1.111924
85,23,1.131585,0,2.085128
45,24,0.038836,0,-2.758122
46,24,0.648686,0,0.47792
47,24,1.758007,NA,1.864718
48,24,0.738194,0,1.327777
49,24,1.758496,NA,1.019732
50,24,0.37704,0,0.294571
51,24,1.548694,NA,1.150911
52,24,0.382202,0,-0.727154
53,24,0.131094,0,-2.603918
54,24,0.485826,0,0.386671
55,24,0.485826,0,0.386671
56,24,2.325344,NA,0.771532
57,24,0.971111,0,-1.254507
58,24,0.093527,0,0.192884
59,24,0.183427,0,2.657932
60,24,0.194403,0,-2.906871
61,24,0.194403,0,-3.001454
62,24,0.067556,0,-1.450496
63,24,0.106735,0,-2.827565
64,24,1.359643,NA,0.087975
65,24,0.279064,0,-1.186145
66,24,2.273475,NA,-3.028475
67,24,0.369186,0,-1.402056
68,24,0.973034,0,2.534454
69,24,0.973034,0,2.534454
70,24,0.219393,0,-3.015561
71,24,0.506232,0,2.057373
72,24,1.652829,NA,1.484368
73,24,1.17386,0,0.532123
74,24,0.196447,0,2.899884
75,24,1.390394,NA,-0.354486
76,24,1.270094,0,-0.34656
77,24,2.809583,NA,-0.363167
78,24,2.809583,NA,-0.828473
79,24,0.628317,0,0.097751
80,24,2.73601,NA,-0.131116
81,24,3.736231,NA,-0.176498
82,24,3.699461,NA,0.149265
83,24,3.699461,NA,0.149265
84,24,1.630781,NA,1.111924
85,24,1.131585,0,2.085128
44,25,0.707884,0,2.186963
45,25,1.34408,NA,-0.29
46,25,0.532449,0,-2.289407
47,25,1.040474,0,-0.509688
48,25,3.04145,NA,0.525795
49,25,0.462489,0,-0.212922
50,25,2.338058,NA,-0.146771
51,25,0.49819600000000003,0,-1.141503
52,25,1.199129,0,-0.504574
53,25,1.618149,NA,0.609364
54,25,2.027803,NA,-2.291737
55,25,2.027803,NA,-2.291737
56,25,1.042736,0,0.194533
57,25,0.85601,0,-0.321699
58,25,0.258953,0,1.401416
59,25,0.487345,0,-0.136803
60,25,0.214865,0,-0.60083
61,25,0.381552,0,-0.390429
62,25,0.482244,0,1.179024
63,25,0.360962,0,0.673849
64,25,1.449342,NA,-2.312416
65,25,0.3299,0,-2.100464
66,25,0.174929,0,1.271971
67,25,0.550701,0,-2.5991
68,25,0.978259,0,-1.176197
69,25,0.978259,0,-1.176197
70,25,0.610756,0,-0.155033
71,25,0.880105,0,-1.429165
72,25,0.15189,0,-1.069622
73,25,0.916257,0,2.217496
74,25,0.373893,0,2.515609
75,25,0.528856,0,2.423013
76,25,4.965709,NA,0.316002
77,25,0.626082,0,0.125959
78,25,0.193606,0,-0.70034
79,25,1.332605,NA,-0.787256
80,25,1.048613,0,2.421673
81,25,0.456172,0,0.24061
82,25,0.192616,0,0.203206
83,25,0.192616,0,0.203206
84,25,0.226039,0,-2.168175
85,25,2.01124,NA,-3.054381
44,26,0.355731,0,2.194617
45,26,1.258179,0,1.095181
46,26,0.400955,0,3.050536
47,26,0.261102,0,0.325075
48,26,0.273602,0,0.541438
49,26,0.393337,0,-1.132003
50,26,2.177922,NA,0.555234
51,26,0.250155,0,2.846338
52,26,0.292101,0,-2.05569
53,26,0.283499,0,-2.865625
54,26,1.394375,NA,0.475138
55,26,1.394375,NA,0.475138
56,26,0.580373,0,-2.350286
57,26,0.840958,0,-0.517542
58,26,1.267581,0,-0.720471
59,26,1.762955,NA,0.256931
60,26,0.82707,0,0.033389
61,26,0.82707,0,-0.732027
62,26,1.53062,NA,-0.893994
63,26,0.66491,0,1.373287
64,26,0.807321,0,0.937484
65,26,0.432298,0,2.756334
66,26,0.426994,0,-2.389276
67,26,0.518605,0,1.467856
68,26,1.356539,NA,-1.760716
69,26,1.356539,NA,-1.760716
70,26,0.802401,0,-1.18288
71,26,1.261653,0,1.351186
72,26,1.286668,0,1.564575
73,26,0.606415,0,1.891782
74,26,1.386318,NA,0.100265
75,26,2.257805,NA,0.427955
76,26,0.782608,0,-2.325196
77,26,0.339783,0,-1.604257
78,26,0.546561,0,-0.767847
79,26,0.321631,0,-1.909247
80,26,2.057509,NA,-2.758284
81,26,0.222479,0,-1.43139
82,26,0.56321,0,0.345939
83,26,0.56321,0,0.345939
84,26,1.370638,NA,1.196535
85,26,0.587179,0,0.959013
86,26,0.422962,0,2.083889
44,27,0.674024,0,0.477038
45,27,0.946549,0,1.19888
46,27,1.461309,NA,1.544502
47,27,1.545425,NA,-1.6784
48,27,0.710616,0,-0.033152
49,27,1.105479,0,-2.593813
50,27,0.599209,0,-2.101909
51,27,1.237412,0,1.4636
52,27,0.131841,0,-1.294012
53,27,0.005836,0,-3.072964
54,27,0.987221,0,-2.603698
55,27,0.987221,0,-2.603698
56,27,0.679697,0,1.629496
57,27,0.382569,0,2.827051
58,27,1.040922,0,-1.828332
59,27,0.817403,0,0.230347
60,27,0.493385,0,-0.680422
61,27,0.3653,0,-0.920074
62,27,1.119475,0,0.111958
63,27,0.49773,0,-1.074825
64,27,1.621951,NA,0.567786
65,27,2.326662,NA,-0.641691
66,27,0.706162,0,-0.637574
67,27,0.706162,0,-1.496861
68,27,0.497861,0,-2.589579
69,27,0.497861,0,-2.589579
70,27,0.060421,0,0.480057
71,27,0.517828,0,2.890891
72,27,1.493463,NA,-1.082274
73,27,0.997715,0,0.272835
74,27,0.753087,0,-0.533755
75,27,1.134987,0,-0.289789
76,27,0.511726,0,-2.599797
77,27,2.140215,NA,0.094327
78,27,1.764768,NA,-0.01468
79,27,0.671797,0,0.579091
80,27,1.053756,0,3.046872
81,27,1.730163,NA,-2.187973
82,27,0.976701,0,1.959237
83,27,0.976701,0,1.959237
84,27,0.319834,0,2.751179
85,27,1.420676,NA,-2.150717
86,27,1.398801,NA,1.102566
44,28,1.098462,0,1.694676
45,28,0.353465,0,2.409498
46,28,1.311719,NA,2.396181
47,28,1.702482,NA,2.366654
48,28,0.246976,0,-1.806141
49,28,0.189887,0,-0.376312
50,28,0.348394,0,-0.922159
51,28,1.602143,NA,0.487746
52,28,0.090706,0,-0.606642
53,28,0.459811,0,-0.007106
54,28,0.825255,0,-2.718924
55,28,0.825255,0,-2.718924
56,28,0.595472,0,-1.557125
57,28,0.823223,0,2.539679
58,28,0.946595,0,-1.252196
59,28,0.234821,0,-0.584608
60,28,0.36966,0,1.258615
61,28,0.192227,0,-2.314203
62,28,1.053501,0,1.629351
63,28,2.775677,NA,-2.523136
64,28,1.021784,0,-1.916262
65,28,0.011872,0,-2.267108
66,28,0.679719,0,2.810313
67,28,0.876914,0,-1.094746
68,28,1.300874,NA,0.415549
69,28,1.300874,NA,0.415549
70,28,0.173723,0,2.50713
71,28,1.262365,0,-0.751871
72,28,0.639655,0,0.572766
73,28,1.044542,0,2.710405
74,28,1.016152,0,-1.316974
75,28,0.801254,0,0.6339
76,28,0.856214,0,-0.43627
77,28,0.729102,0,-1.886845
78,28,0.283508,0,1.653745
79,28,1.169065,0,-3.036865
80,28,1.061239,0,-3.078371
81,28,0.20719,0,2.471319
82,28,1.165819,0,2.762387
83,28,1.165819,0,2.762387
84,28,0.858824,0,1.349476
85,28,0.825179,0,-1.468158
86,28,1.227693,0,2.010585
44,29,0.435453,0,-2.483453
45,29,1.14568,0,-2.800919
46,29,1.246634,0,2.214594
47,29,0.9175,0,2.257728
48,29,4.05373,NA,2.65432
49,29,0.928164,0,2.43026
50,29,0.624008,0,2.482926
51,29,0.872257,0,-2.622111
52,29,1.477407,NA,2.427762
53,29,0.384929,0,-0.107936
54,29,2.145687,NA,-2.204317
55,29,2.145687,NA,-2.204317
56,29,0.666245,0,2.744505
57,29,2.399588,NA,0.298922
58,29,0.32606,0,1.975593
59,29,0.122726,0,0.391217
60,29,0.738463,0,0.78058
61,29,0.700475,0,0.170114
62,29,0.142021,0,-2.803783
63,29,0.62199,0,2.486654
64,29,1.448822,NA,-1.938894
65,29,0.590352,0,-2.673619
66,29,0.893408,0,2.455229
67,29,1.351788,NA,-1.88554
68,29,0.408111,0,-0.959396
69,29,0.408111,0,-0.959396
70,29,0.808587,0,-2.100059
71,29,0.399417,0,1.40766
72,29,1.041795,0,0.339964
73,29,0.65332,0,-2.241749
74,29,0.308008,0,-2.84399
75,29,0.532325,0,1.070905
76,29,2.160324,NA,-0.963519
77,29,0.222083,0,-1.596105
78,29,2.2666,NA,2.046996
79,29,0.165465,0,1.964323
80,29,0.941293,0,2.59267
81,29,0.839532,0,1.73809
82,29,1.355097,NA,-2.228947
83,29,1.355097,NA,-2.228947
84,29,1.731007,NA,-0.218151
85,29,0.809965,0,-1.620791
86,29,0.463798,0,3.057679
44,30,0.51537,0,-1.983754
45,30,1.762759,NA,-2.559329
46,30,0.532141,0,-2.051361
47,30,1.528577,NA,0.832543
48,30,0.14144,0,-1.773219
49,30,1.22016,0,0.357778
50,30,1.349383,NA,2.187129
51,30,1.385542,NA,1.051104
52,30,1.248677,0,0.234947
53,30,0.249249,0,0.401586
54,30,1.460887,NA,0.733279
55,30,1.460887,NA,0.733279
56,30,0.378065,0,1.044111
57,30,0.378065,0,-2.765434
58,30,0.957566,0,0.597284
59,30,0.588014,0,0.28335
60,30,2.290204,NA,0.447773
61,30,0.598404,0,1.177968
62,30,0.884019,0,0.522237
63,30,0.720805,0,-1.302336
64,30,2.156407,NA,-2.725124
65,30,1.109282,0,2.966181
66,30,0.443758,0,-2.561331
67,30,0.461082,0,2.472262
68,30,0.398657,0,0.237734
69,30,0.398657,0,0.237734
70,30,0.674627,0,1.136376
71,30,0.737554,0,0.631562
72,30,1.998559,NA,-0.463914
73,30,0.422701,0,2.212918
74,30,0.310504,0,0.257134
75,30,0.442125,0,-2.933097
76,30,1.700011,NA,1.254094
77,30,0.790088,0,-2.983398
78,30,1.11133,0,-1.918569
79,30,0.618016,0,2.346361
80,30,0.237768,0,-1.598445
81,30,0.883361,0,2.689883
82,30,0.919254,0,-1.321159
83,30,0.919254,0,-1.321159
84,30,1.497259,NA,-0.663944
85,30,1.410821,NA,1.327455
86,30,1.214562,0,2.315842
44,31,0.353113,0,0.927819
45,31,0.605237,0,-2.060639
46,31,0.457885,0,2.038955
47,31,0.738134,0,-1.065768
48,31,1.82584,NA,3.067667
49,31,0.527646,0,-0.896292
50,31,0.818044,0,2.342961
51,31,1.183636,0,0.754657
52,31,0.564656,0,-1.610324
53,31,0.564656,0,-0.404856
54,31,0.735707,0,-1.555101
55,31,0.735707,0,-1.555101
56,31,0.088616,0,-1.443895
57,31,0.464473,0,-2.686554
58,31,1.27624,0,0.454057
59,31,0.320635,0,1.95071
60,31,0.486586,0,-0.114881
61,31,0.486586,0,0.02302
62,31,0.341172,0,0.926074
63,31,0.361462,0,-0.487951
64,31,0.498496,0,-3.070503
65,31,0.230402,0,-2.104527
66,31,0.29127,0,-2.924099
67,31,0.979559,0,3.000388
68,31,0.449108,0,0.175354
69,31,0.449108,0,0.175354
70,31,0.832811,0,1.319439
71,31,0.352848,0,0.372107
72,31,0.368477,0,2.718457
73,31,2.964333,NA,2.765327
74,31,0.472564,0,2.03566
75,31,0.304597,0,0.104782
76,31,1.162692,0,1.918822
77,31,0.403352,0,1.755103
78,31,0.538425,0,-1.567409
79,31,0.970527,0,1.686668
80,31,0.219884,0,2.333429
81,31,0.560921,0,-3.111347
82,31,0.596896,0,-2.320997
83,31,0.596896,0,-2.320997
84,31,0.360347,0,0.315943
85,31,1.076648,0,-0.176478
44,32,1.414276,NA,-1.670602
45,32,0.664288,0,-2.042403
46,32,0.760393,0,2.423674
47,32,0.988373,0,0.356066
48,32,0.66272,0,-1.733615
49,32,1.060744,0,-2.531643
50,32,0.991744,0,-1.658669
51,32,0.431216,0,1.818119
52,32,0.360993,0,2.136436
53,32,0.729461,0,0.36153
54,32,0.619589,0,-0.378479
55,32,0.619589,0,-0.378479
56,32,0.624761,0,2.364174
57,32,0.535602,0,-0.919068
58,32,0.482302,0,0.250685
59,32,2.266529,NA,0.592767
60,32,0.497588,0,1.890834
61,32,0.222084,0,-0.481271
62,32,2.708446,NA,1.548202
63,32,0.450988,0,-0.148771
64,32,0.261134,0,2.00775
65,32,1.115469,0,1.905354
66,32,0.222299,0,0.001176
67,32,0.30443,0,-1.682461
68,32,0.802701,0,-2.589651
69,32,0.802701,0,-2.589651
70,32,0.586987,0,2.183562
71,32,0.988681,0,1.144369
72,32,0.683708,0,-1.511962
73,32,0.486506,0,-0.600664
74,32,0.218478,0,2.316087
75,32,0.458567,0,0.694688
76,32,2.669032,NA,2.937031
77,32,0.311883,0,0.826111
78,32,0.930129,0,-0.18861
79,32,0.620495,0,0.080335
80,32,0.849129,0,-2.195227
81,32,3.942674,NA,-2.629208
82,32,2.888897,NA,-2.223052
83,32,2.888897,NA,-2.223052
84,32,2.255026,NA,3.060984
85,32,0.348721,0,2.066961
44,33,1.179508,0,2.270292
45,33,0.230051,0,1.524276
46,33,0.374518,0,1.494899
47,33,0.171291,0,2.467492
48,33,0.764801,0,-2.759844
49,33,0.268334,0,0.588834
50,33,0.441657,0,-1.642773
51,33,1.836273,NA,-1.072464
52,33,0.115104,0,2.849302
53,33,1.226496,0,-1.25753
54,33,1.644578,NA,0.485405
55,33,1.644578,NA,0.485405
56,33,0.467663,0,0.676598
57,33,2.598968,NA,0.343195
58,33,0.899091,0,-0.913168
59,33,0.737336,0,-1.452955
60,33,0.276816,0,1.521054
61,33,0.561206,0,0.814924
62,33,0.359075,0,3.114164
63,33,0.648907,0,-1.938634
64,33,0.274043,0,-0.58356
65,33,0.486345,0,-2.689588
66,33,0.557971,0,-2.530606
67,33,1.110273,0,0.048865
68,33,0.413385,0,0.525849
69,33,0.413385,0,0.525849
70,33,0.170449,0,-0.134876
71,33,0.453482,0,2.284827
72,33,0.466872,0,0.748575
73,33,0.755315,0,-2.542734
74,33,0.534648,0,-2.462779
75,33,0.349035,0,-2.64217
76,33,1.282986,0,1.953317
77,33,0.527501,0,-0.716753
78,33,0.727772,0,-2.199949
79,33,0.778082,0,-2.073191
80,33,0.562053,0,2.616354
81,33,0.128432,0,-1.316661
82,33,1.709674,NA,-1.35217
83,33,1.709674,NA,-1.35217
84,33,0.18709,0,1.745463
85,33,0.768601,0,-2.782775
45,34,1.064935,0,2.037934
46,34,0.688572,0,-2.206503
47,34,0.936827,0,2.399795
48,34,1.100048,0,1.556406
49,34,2.451208,NA,-2.11771
50,34,0.073937,0,1.033797
51,34,0.402201,0,0.680558
52,34,0.73962,0,2.541283
53,34,0.733917,0,2.047635
54,34,0.733917,0,2.047635
55,34,1.2129,0,-0.565872
56,34,0.459879,0,-0.152075
57,34,0.790789,0,1.440109
58,34,0.196397,0,0.846977
59,34,0.049423,0,2.274415
60,34,0.081656,0,-1.897234
61,34,0.578044,0,-0.220576
62,34,0.818022,0,0.306554
63,34,1.543941,NA,0.605903
64,34,0.486643,0,-0.290492
65,34,0.328399,0,0.366024
66,34,2.902814,NA,-1.842563
67,34,0.712537,0,-2.249989
68,34,0.469442,0,-1.391768
69,34,0.469442,0,-1.391768
70,34,0.811793,0,1.213525
71,34,0.554071,0,0.253714
72,34,1.076128,0,-0.879054
73,34,0.76215,0,0.02997
74,34,0.439528,0,-0.71839
75,34,0.290134,0,1.078623
76,34,0.290275,0,0.603031
77,34,1.740382,NA,1.46447
78,34,0.802799,0,0.847017
79,34,0.684039,0,-0.550628
80,34,0.20866,0,1.300025
81,34,2.001615,NA,2.558932
82,34,0.545674,0,-1.206848
83,34,0.545674,0,-1.206848
84,34,0.202861,0,1.279574
45,35,0.272448,0,2.305505
46,35,0.529819,0,0.375815
47,35,0.996659,0,0.612668
48,35,0.765546,0,0.618675
49,35,0.336856,0,2.581124
50,35,0.12674,0,1.593819
51,35,0.555565,0,-1.983099
52,35,0.284897,0,2.275314
53,35,1.167322,0,-2.06604
54,35,1.167322,0,-2.06604
55,35,0.168965,0,2.874207
56,35,0.38926,0,1.303416
57,35,1.730616,NA,-3.035498
58,35,0.905169,0,1.461238
59,35,0.600078,0,-2.937584
60,35,0.252532,0,0.22234
61,35,0.435859,0,-1.38523
62,35,0.27502,0,-2.010647
63,35,0.805789,0,-0.656382
64,35,1.440104,NA,0.603635
65,35,0.448164,0,-0.29913
66,35,0.003714,0,0.621577
67,35,1.969553,NA,-0.130389
68,35,0.622369,0,1.196878
69,35,0.622369,0,1.196878
70,35,0.540451,0,1.412535
71,35,0.337435,0,2.334276
72,35,0.543798,0,2.748209
73,35,0.859465,0,-0.117659
74,35,1.452927,NA,0.15813
75,35,1.152886,0,2.193074
76,35,0.742189,0,0.219622
77,35,2.618937,NA,0.074326
78,35,1.836101,NA,2.917598
79,35,2.122967,NA,0.011466
80,35,0.844865,0,0.106621
81,35,0.144568,0,-1.728568
82,35,0.715915,0,0.366074
83,35,0.715915,0,0.366074
84,35,0.874087,0,0.932983
45,36,0.65367,0,2.488464
46,36,0.590882,0,2.174192
47,36,0.229773,0,2.85886
48,36,0.374384,0,1.877362
49,36,0.821192,0,-0.475066
50,36,0.594396,0,0.012728
51,36,1.239687,0,1.555003
52,36,3.108656,NA,2.808654
53,36,0.530769,0,1.704724
54,36,0.530769,0,1.704724
55,36,0.880462,0,1.407319
56,36,0.320556,0,-0.672133
57,36,0.39925,0,-0.580141
58,36,2.119859,NA,0.95027
59,36,0.355078,0,1.285176
60,36,0.262088,0,2.198969
61,36,0.456645,0,-1.518489
62,36,0.549637,0,-0.451717
63,36,0.934542,0,0.14121
64,36,0.200241,0,-0.185482
65,36,0.637249,0,1.54472
66,36,0.741989,0,-1.603545
67,36,0.79624,0,0.207673
68,36,0.407304,0,2.799554
69,36,0.407304,0,2.799554
70,36,0.834278,0,0.727357
71,36,0.702794,0,-2.099531
72,36,0.825567,0,0.110401
73,36,0.387234,0,0.192539
74,36,0.317433,0,2.230444
75,36,0.72627,0,2.842747
76,36,0.42555,0,1.783283
77,36,1.30945,NA,-0.406405
78,36,1.82714,NA,0.579549
79,36,1.43212,NA,-0.757931
80,36,1.569615,NA,0.66559
81,36,0.587542,0,1.022459
82,36,1.193928,0,2.754212
83,36,1.193928,0,2.754212
84,36,0.309775,0,0.764971
45,37,0.65367,0,2.488464
46,37,0.590882,0,2.174192
47,37,0.229773,0,2.85886
48,37,0.374384,0,1.877362
49,37,0.821192,0,-0.475066
50,37,0.594396,0,0.012728
51,37,1.239687,0,1.555003
52,37,3.108656,NA,2.808654
53,37,0.530769,0,1.704724
54,37,0.530769,0,1.704724
55,37,0.880462,0,1.407319
56,37,0.320556,0,-0.672133
57,37,0.39925,0,-0.580141
58,37,2.119859,NA,0.95027
59,37,0.883801,0,0.714771
60,37,0.829369,0,-1.304826
61,37,0.602719,0,1.24459
62,37,0.077543,0,0.25455
63,37,0.578624,0,-2.4883
64,37,0.794099,0,-1.024736
65,37,1.806066,NA,-0.260203
66,37,0.403814,0,0.580514
67,37,1.423839,NA,2.408083
68,37,1.661397,NA,0.89173500000000006
69,37,1.661397,NA,0.89173500000000006
70,37,1.863655,NA,-0.952629
71,37,1.035167,0,1.57525
72,37,0.267663,0,2.410905
73,37,0.426796,0,-1.12682
74,37,0.313707,0,-2.195814
75,37,0.353327,0,-1.094396
76,37,0.847029,0,2.6373
77,37,0.75911,0,-1.598021
78,37,0.707094,0,-1.204302
79,37,0.639251,0,0.54641
80,37,4.184711,2,0.061553
81,37,5.063709,2,0.328698
82,37,2.322307,2,1.507233
83,37,2.322307,2,1.507233
84,37,0.427314,0,0.090557
45,38,0.397142,0,-1.816764
46,38,1.232384,0,2.450439
47,38,1.446886,NA,0.820756
48,38,1.454219,NA,0.352171
49,38,0.316155,0,1.211028
50,38,0.463663,0,1.624669
51,38,0.503993,0,2.752759
52,38,0.174576,0,1.664537
53,38,0.443263,0,2.561092
54,38,0.443263,0,2.561092
55,38,0.629435,0,-0.459172
56,38,1.776308,NA,0.271409
57,38,1.23313,0,-1.793281
58,38,0.499602,0,1.069585
59,38,0.883801,0,0.714771
60,38,0.829369,0,-1.304826
61,38,0.602719,0,1.24459
62,38,0.077543,0,0.25455
63,38,0.578624,0,-2.4883
64,38,0.794099,0,-1.024736
65,38,1.806066,NA,-0.260203
66,38,0.403814,0,0.580514
67,38,1.423839,NA,2.408083
68,38,1.661397,NA,0.89173500000000006
69,38,1.661397,NA,0.89173500000000006
70,38,1.863655,NA,-0.952629
71,38,1.035167,0,1.57525
72,38,0.267663,0,2.410905
73,38,0.426796,0,-1.12682
74,38,0.313707,0,-2.195814
75,38,0.353327,0,-1.094396
76,38,0.847029,0,2.6373
77,38,0.75911,0,-1.598021
78,38,0.707094,0,-1.204302
79,38,0.639251,0,0.54641
80,38,4.184711,2,0.061553
81,38,5.063709,2,0.328698
82,38,2.322307,2,1.507233
83,38,2.322307,2,1.507233
84,38,0.427314,0,0.090557
46,39,0.892469,0,2.367799
47,39,0.163425,0,3.06493
48,39,0.953871,0,1.851623
49,39,1.625266,NA,-2.596682
50,39,0.355443,0,0.867094
51,39,0.252287,0,1.570846
52,39,0.762694,0,-3.008023
53,39,1.924779,NA,-2.538231
54,39,1.924779,NA,-2.538231
55,39,0.996261,0,-2.927745
56,39,1.432816,NA,-1.528077
57,39,0.601619,0,1.064524
58,39,3.075792,NA,-2.550996
59,39,0.657058,0,-2.825791
60,39,0.657058,0,-0.468204
61,39,0.688669,0,0.885532
62,39,0.390914,0,0.09891
63,39,1.312051,NA,-2.288276
64,39,2.794823,1,-0.432943
65,39,2.794823,1,-0.288815
66,39,2.324689,1,-0.139841
67,39,0.805081,0,0.460523
68,39,0.294693,0,0.35729
69,39,0.294693,0,0.35729
70,39,0.431906,0,-2.630804
71,39,0.903389,0,2.489022
72,39,0.91374,0,1.277799
73,39,1.040403,0,-0.119114
74,39,0.726385,0,0.691341
75,39,0.314371,0,-2.605805
76,39,0.21738,0,-2.51969
77,39,0.252674,0,1.383669
78,39,3.589257,NA,2.662192
79,39,0.665284,0,-0.387112
80,39,2.072745,2,-0.432817
81,39,15.539881,2,0.258529
82,39,2.684844,2,0.536066
83,39,2.684844,2,0.536066
46,40,3.189295,NA,1.389375
47,40,0.03706,0,0.98413
48,40,0.725026,0,0.368066
49,40,0.79944,0,-0.199489
50,40,0.822164,0,1.04406
51,40,1.070036,0,-3.033558
52,40,1.051108,0,-2.561142
53,40,1.754041,NA,-2.72752
54,40,1.754041,NA,-2.72752
55,40,0.131488,0,1.60623
56,40,0.738274,0,-0.153363
57,40,1.21337,0,-2.901532
58,40,0.159089,0,1.412369
59,40,0.826529,0,-1.816187
60,40,0.826529,0,-0.214257
61,40,0.460016,0,0.381761
62,40,0.672255,0,0.61174
63,40,0.182468,0,1.93931
64,40,1.472907,NA,0.967554
65,40,1.260111,0,0.149112
66,40,0.489089,0,-0.294781
67,40,2.206685,1,0.189961
68,40,0.24799,0,-0.399352
69,40,0.24799,0,-0.399352
70,40,0.182368,0,0.905028
71,40,1.724584,NA,-0.579934
72,40,1.086816,0,0.144508
73,40,0.200778,0,-2.586796
74,40,1.7636,NA,1.725018
75,40,0.771934,0,2.145221
76,40,1.061063,0,-0.880289
77,40,0.91121,0,-2.771947
78,40,0.779173,0,0.991401
79,40,1.617342,NA,0.359011
80,40,0.635464,0,-2.030764
81,40,7.359066,2,0.380246
82,40,11.151169,2,0.568114
83,40,11.151169,2,0.568114
46,41,0.883678,0,2.03546
47,41,1.810095,NA,1.438045
48,41,2.217998,NA,0.492257
49,41,0.924281,0,-0.857701
50,41,1.137338,0,2.534983
51,41,1.994733,NA,-2.318158
52,41,1.461488,NA,-1.6374
53,41,1.70743,NA,0.181531
54,41,1.70743,NA,0.181531
55,41,0.581268,0,-0.076177
56,41,0.325361,0,-2.810608
57,41,0.741534,0,-2.837358
58,41,0.709196,0,2.851808
59,41,1.564277,NA,-2.199801
60,41,1.564277,NA,0.366722
61,41,0.07772,0,-2.301276
62,41,0.236843,0,1.539802
63,41,0.916254,0,-3.101279
64,41,4.568083,1,0.130237
65,41,0.593485,0,-1.177764
66,41,0.137839,0,2.299872
67,41,5.621469,1,0.251305
68,41,5.621469,1,0.251305
69,41,1.231201,0,2.084618
70,41,1.611572,NA,0.964998
71,41,0.373244,0,0.894197
72,41,1.157211,0,1.52886
73,41,0.541984,0,-1.192152
74,41,0.965868,0,0.79847
75,41,0.60794,0,-2.996937
76,41,0.246975,0,2.376899
77,41,2.050303,NA,-2.08676
78,41,0.385046,0,0.698944
79,41,1.249312,0,-0.14676
80,41,5.584977,2,-0.331863
81,41,1.258229,0,0.793615
82,41,20.82262,2,0.275903
83,41,20.82262,2,0.275903
46,42,0.487402,0,2.00202
47,42,2.189465,NA,2.585095
48,42,1.685431,NA,-3.066325
49,42,1.777521,NA,-2.352458
50,42,0.353105,0,-2.430788
51,42,1.15497,0,1.16663
52,42,0.355327,0,-1.251652
53,42,1.479387,NA,-0.33446
54,42,1.479387,NA,-0.33446
55,42,1.237999,0,-1.659421
56,42,1.447487,NA,2.036617
57,42,1.189014,0,2.930811
58,42,0.045137,0,0.785627
59,42,0.672666,0,0.667803
60,42,0.8135,0,-2.176356
61,42,0.978548,0,0.871977
62,42,0.52572700000000006,0,0.475844
63,42,0.816197,0,2.244477
64,42,2.194538,1,0.369544
65,42,0.301036,0,0.056581
66,42,1.056984,0,0.461247
67,42,2.717667,1,0.50495
68,42,2.717667,1,0.50495
69,42,0.577471,0,-2.209883
70,42,0.441531,0,0.959558
71,42,2.183644,NA,1.291447
72,42,0.388228,0,0.01476
73,42,1.313539,NA,-2.393276
74,42,0.968848,0,-2.274087
75,42,0.968848,0,-2.384121
76,42,1.062198,0,2.021861
77,42,1.372404,NA,1.511486
78,42,0.72759,0,1.150808
79,42,0.880833,0,0.80021
80,42,2.707492,2,0.763783
81,42,13.963652,2,0.673732
82,42,9.876781,2,0.342303
83,42,9.876781,2,0.342303
47,43,0.28571,0,1.004848
48,43,1.871961,NA,1.875274
49,43,1.284424,0,-0.538514
50,43,2.920727,NA,0.113317
51,43,0.503588,0,-1.0290570000000001
52,43,0.692948,0,-3.053819
53,43,1.442834,NA,1.082358
54,43,1.442834,NA,1.082358
55,43,1.358776,NA,2.731785
56,43,2.439035,NA,-2.643574
57,43,0.545454,0,2.93772
58,43,1.238382,0,-0.173263
59,43,0.405077,0,-0.110518
60,43,0.405077,0,-0.852037
61,43,1.152114,0,0.552645
62,43,3.749322,NA,-0.937124
63,43,0.514898,0,1.580605
64,43,3.284715,1,1.085911
65,43,0.962799,0,0.183215
66,43,0.432349,0,0.097146
67,43,8.028172,1,0.158212
68,43,8.028172,1,0.158212
69,43,0.282242,0,2.129312
70,43,0.298491,0,-2.749721
71,43,0.848575,0,-3.041059
72,43,1.414671,NA,0.116789
73,43,0.682196,0,0.247119
74,43,0.54848,0,-0.296881
75,43,0.166834,0,-1.636759
76,43,1.233179,0,0.924381
77,43,0.595732,0,-0.321481
78,43,1.8297620000000001,NA,2.661535
79,43,1.322023,NA,0.694882
80,43,2.694566,2,-0.074265
81,43,1.578074,NA,0.778881
47,44,0.615009,0,1.427474
48,44,0.976539,0,1.300001
49,44,0.768174,0,-1.135288
50,44,0.666724,0,0.499011
51,44,0.45706,0,-0.432507
52,44,1.960636,NA,-2.436766
53,44,1.791162,NA,2.481588
54,44,1.791162,NA,2.481588
55,44,0.455055,0,2.262812
56,44,0.107743,0,1.150337
57,44,0.318208,0,-0.864607
58,44,0.212461,0,-2.599927
59,44,2.848149,NA,1.971929
60,44,0.300165,0,1.074631
61,44,1.680021,NA,1.103276
62,44,1.605436,NA,-0.192287
63,44,1.341002,NA,0.214707
64,44,4.113138,1,0.499209
65,44,2.451113,1,0.38688
66,44,2.472731,1,-1.084817
67,44,0.758741,0,0.957725
68,44,0.758741,0,0.957725
69,44,2.902125,1,-0.700115
70,44,0.44843,0,-2.385382
71,44,0.863867,0,-2.884665
72,44,1.615348,NA,0.878574
73,44,1.53933,NA,1.003067
74,44,0.770855,0,-1.145437
75,44,0.308676,0,-3.13487
76,44,1.336102,NA,-2.635037
77,44,1.362895,NA,-1.00262
78,44,1.865483,NA,2.361945
79,44,0.530246,0,-0.474852
80,44,2.49703,2,0.544782
81,44,1.408707,NA,0.782503
47,45,0.183467,0,2.042178
48,45,1.150183,0,2.072845
49,45,1.316607,NA,-0.263448
50,45,2.65071,NA,1.179176
51,45,1.498363,NA,1.717775
52,45,1.494705,NA,1.454738
53,45,0.136909,0,0.074729
54,45,0.136909,0,0.074729
55,45,0.584531,0,0.144657
56,45,1.1066,0,0.432121
57,45,1.063167,0,-2.114654
58,45,0.484107,0,2.667737
59,45,2.597021,NA,3.048151
60,45,0.626687,0,1.416615
61,45,0.297903,0,-2.015783
62,45,0.166117,0,-0.588594
63,45,2.812219,1,0.173905
64,45,4.083155,1,0.475424
65,45,2.655121,1,1.393628
66,45,0.133378,0,-2.256834
67,45,0.563341,0,2.587713
68,45,0.563341,0,2.587713
69,45,0.722423,0,0.904347
70,45,0.701286,0,2.910644
71,45,1.331526,NA,-0.013191
72,45,0.605382,0,2.389591
73,45,2.104396,NA,2.845022
74,45,0.632223,0,0.106966
75,45,1.109383,0,-3.133509
76,45,1.686761,NA,-2.8815
77,45,4.477493,NA,2.948996
78,45,1.5063550000000001,NA,-2.364239
79,45,1.030556,0,-1.20634
80,45,0.535674,0,0.61176
48,46,1.531283,NA,2.760103
49,46,1.810885,NA,1.375702
50,46,2.117266,NA,0.461175
51,46,0.189066,0,0.685372
52,46,0.404114,0,1.808371
53,46,0.476367,0,0.114606
54,46,0.476367,0,0.114606
55,46,1.531427,NA,-0.230598
56,46,0.320464,0,0.703138
57,46,0.758415,0,-0.441386
58,46,0.978042,0,-2.020872
59,46,0.980604,0,2.19749
60,46,0.980604,0,-0.964907
61,46,0.720765,0,1.18841
62,46,2.121506,1,-1.787025
63,46,1.471659,NA,0.218167
64,46,1.374343,NA,0.482725
65,46,0.785526,0,0.183004
66,46,0.768564,0,3.063988
67,46,2.100113,NA,-1.920383
68,46,2.100113,NA,-1.920383
69,46,0.467767,0,2.289509
70,46,2.090369,NA,-2.275979
71,46,0.423005,0,-1.991624
72,46,1.536167,NA,1.757032
73,46,1.39778,NA,1.377523
74,46,0.092627,0,2.724443
75,46,0.253965,0,1.854666
76,46,0.460703,0,2.311531
77,46,0.963321,0,2.201671
78,46,0.577859,0,-1.410269
79,46,1.202128,0,2.289604
80,46,0.90751,0,1.224001
49,47,1.811044,NA,1.381475
50,47,1.945757,NA,0.875457
51,47,1.763919,NA,1.608302
52,47,1.805922,NA,0.492062
53,47,1.183338,0,0.20716
54,47,1.183338,0,0.20716
55,47,0.787462,0,-2.897805
56,47,0.225527,0,0.706138
57,47,0.82837,0,1.113479
58,47,1.572947,NA,2.390962
59,47,0.5593,0,1.593398
60,47,1.127186,0,-0.195865
61,47,1.033973,0,-1.801814
62,47,0.168611,0,1.44191
63,47,1.160726,0,1.000626
64,47,0.498891,0,-2.144701
65,47,0.66996,0,0.311733
66,47,0.566256,0,0.731125
67,47,0.362385,0,1.425705
68,47,0.362385,0,1.425705
69,47,0.350985,0,2.220088
70,47,1.306229,NA,-0.223753
71,47,0.898713,0,2.490944
72,47,0.55582,0,2.806025
73,47,0.544118,0,1.929725
74,47,0.193199,0,2.185166
75,47,0.771966,0,2.375003
76,47,2.039325,NA,2.98285
77,47,1.205599,0,-3.065384
78,47,1.061359,0,0.867079
50,48,2.897432,NA,2.382677
51,48,2.098334,NA,1.2068
52,48,8.111077,NA,0.684125
53,48,1.537751,NA,0.45063
54,48,1.537751,NA,0.45063
55,48,0.759544,0,0.981786
56,48,0.625227,0,1.344615
57,48,0.715208,0,0.959539
58,48,1.521652,NA,2.969526
59,48,0.387598,0,-1.983855
60,48,0.882665,0,-2.370959
61,48,0.470564,0,2.942864
62,48,1.254627,0,2.968698
63,48,0.488071,0,1.590082
64,48,2.113409,NA,2.4166
65,48,1.578497,NA,-1.546951
66,48,0.235473,0,1.574656
67,48,1.042745,0,2.60243
68,48,1.042745,0,2.60243
69,48,0.853181,0,2.027545
70,48,0.548576,0,-1.745352
71,48,1.790879,NA,1.521772
72,48,0.932007,0,-1.94112
73,48,1.260818,0,0.409789
74,48,0.853322,0,1.42239
75,48,1.538911,NA,-1.488773
76,48,1.092318,0,-0.052367
77,48,3.641175,NA,1.364513
78,48,1.080343,0,1.214866
52,49,1.342601,NA,1.088792
53,49,1.824116,NA,1.100102
54,49,1.824116,NA,1.100102
55,49,1.153895,0,1.51894
56,49,1.088815,0,2.136719
57,49,0.458901,0,1.2185
58,49,0.982274,0,-1.00556
59,49,0.289449,0,3.063114
60,49,2.538292,NA,-0.956449
61,49,0.893642,0,0.258401
62,49,0.985507,0,-0.939794
63,49,1.183461,0,-0.008697
64,49,0.460488,0,-2.990253
65,49,1.729893,NA,1.293446
66,49,0.874319,0,-0.014986
67,49,2.078364,NA,-2.848959
68,49,2.078364,NA,-2.848959
69,49,0.105978,0,-1.39592
70,49,0.911694,0,-0.758526
71,49,0.395931,0,-1.97801
72,49,1.52177,NA,-0.429736
73,49,1.480317,NA,0.019807
74,49,0.444655,0,0.681578
75,49,0.863936,0,0.892097
76,49,0.470996,0,-0.508088
77,49,0.953952,0,2.194858
53,50,1.359312,NA,1.464243
54,50,1.359312,NA,1.464243
55,50,1.128065,0,1.496709
56,50,0.130836,0,1.700594
57,50,0.575152,0,2.659931
58,50,0.029444,0,-1.360775
59,50,1.95145,NA,0.721468
60,50,0.34753,0,1.760668
61,50,0.602035,0,-2.807413
62,50,1.348358,NA,-2.997696
63,50,0.58627,0,-2.38872
64,50,2.691488,NA,-2.564832
65,50,0.69354,0,2.140078
66,50,2.084144,NA,1.15649
67,50,0.474517,0,2.25118
68,50,0.474517,0,2.25118
69,50,1.864638,NA,3.095301
70,50,0.400666,0,-2.340447
71,50,1.23732,0,-1.754235
72,50,0.82525,0,0.038169
73,50,1.564289,NA,0.487177
74,50,2.305741,NA,0.797182
75,50,3.854645,NA,0.620427
76,50,2.226349,NA,0.787331
55,51,1.241416,0,2.044328
56,51,0.997244,0,-0.126401
57,51,0.392499,0,-3.038946
58,51,0.693902,0,2.547588
59,51,0.768865,0,1.361544
60,51,1.198967,0,-1.429317
61,51,1.119286,0,1.875628
62,51,0.099171,0,0.84971
63,51,0.114094,0,-2.302098
64,51,0.838812,0,2.449351
65,51,0.61615,0,1.173132
66,51,1.349905,NA,2.482479
67,51,3.102037,NA,2.961089
68,51,3.102037,NA,2.961089
69,51,0.636928,0,1.844284
70,51,0.882965,0,1.604229
71,51,0.84047,0,-0.037802
72,51,2.959848,NA,0.947535
73,51,1.30602,NA,2.031779
74,51,0.804145,0,0.764873
75,51,1.576959,NA,1.009628
55,52,1.241416,0,2.044328
56,52,0.997244,0,-0.126401
57,52,0.392499,0,-3.038946
58,52,0.693902,0,2.547588
59,52,0.768865,0,1.361544
60,52,1.198967,0,-1.429317
61,52,1.119286,0,1.875628
62,52,0.099171,0,0.84971
63,52,0.114094,0,-2.302098
64,52,0.838812,0,2.449351
65,52,0.61615,0,1.173132
66,52,1.349905,NA,2.482479
67,52,3.102037,NA,2.961089
68,52,3.102037,NA,2.961089
69,52,0.636928,0,1.844284
70,52,0.882965,0,1.604229
71,52,0.84047,0,-0.037802
72,52,1.726337,NA,1.254009
73,52,4.399182,NA,0.82747
55,53,1.661762,NA,1.893983
56,53,0.592129,0,1.316124
57,53,0.992426,0,1.437139
58,53,0.235198,0,1.895657
59,53,1.30944,NA,-1.860473
60,53,0.8365,0,-3.09462
61,53,0.65495,0,-2.749557
62,53,0.588804,0,-2.547452
63,53,0.909069,0,1.421351
64,53,1.336261,NA,3.066458
65,53,1.247736,0,2.539524
66,53,1.569944,NA,2.444311
67,53,0.271747,0,-2.568138
68,53,0.271747,0,-2.568138
69,53,1.238638,0,2.841329
70,53,0.504147,0,-2.464965
71,53,1.437152,NA,-2.177151
72,53,1.726337,NA,1.254009
73,53,4.399182,NA,0.82747
56,54,2.288075,NA,2.239481
57,54,2.856696,NA,1.824784
58,54,1.044405,0,2.229281
59,54,0.849679,0,0.974547
60,54,1.185649,0,-2.52493
61,54,4.324835,NA,-2.84287
62,54,2.008225,NA,-2.581315
63,54,0.780748,0,-2.256021
64,54,2.316184,NA,0.498936
65,54,1.782583,NA,0.889688
66,54,0.118585,0,-2.296413
67,54,2.633018,NA,-2.009879
68,54,2.633018,NA,-2.009879
69,54,0.822585,0,-1.097213
70,54,1.21396,0,1.986575
71,54,1.97672,NA,1.081756
72,54,0.528899,0,1.474739
73,54,0.531102,0,2.571246
58,55,0.831974,0,2.256804
59,55,0.338861,0,1.820057
60,55,1.812598,NA,2.971563
61,55,1.299086,0,1.337064
62,55,1.177111,0,-2.627064
63,55,0.45505,0,0.677434
64,55,1.300755,NA,1.113063
65,55,2.309795,NA,3.060698
66,55,0.381528,0,-0.936703
67,55,0.441169,0,1.884597
68,55,0.441169,0,1.884597
69,55,1.210724,0,2.093157
70,55,0.802884,0,-2.938357
71,55,1.132994,0,2.587498
72,55,1.039705,0,2.537778
61,56,1.904968,NA,2.160092
62,56,1.460572,NA,1.037729
63,56,1.123521,0,2.626141
64,56,0.843222,0,-2.843685
65,56,0.480425,0,2.672734
66,56,1.578025,NA,3.089676
67,56,0.970267,0,1.982581
68,56,0.970267,0,1.982581
69,56,1.74954,NA,2.55004
63,57,1.213645,0,3.125008
65,57,0.985011,0,1.638692
66,57,1.843714,NA,2.238707
